{
	"payload":
	{
		"productName": "BP_LC5550",
		"meshPak":
		{
			"initialState":
			{
				"meshName": "DCI/Meshes/BP_LC5550",
				"transform":
				{
					"rotation":
					{
						"x": 0,
						"y": 0,
						"z": 0,
						"w": 1
					},
					"translation":
					{
						"x": 0,
						"y": 0,
						"z": 0
					},
					"scale3D":
					{
						"x": 1,
						"y": 1,
						"z": 1
					}
				},
				"animations": [],
				"materials": [],
				"slots": [
					"Light_gray_paint_glossy",
					"Light_gray_paint",
					"Steel",
					"Black_plastic",
					"Plastic_trans",
					"Gray_bump_paint",
					"Gray_paint",
					"chair",
					"Black_body",
					"Light_button_chair"
				],
				"morphs": []
			},
			"pakFilePath": "BP_LC5550.pak",
			"name": "PakE",
			"mountPath": "../../../PakExport/Plugins/"
		},
		"animationsPak":
		{
			"pakFilePath": "BP_LC5550.pak",
			"name": "PakE",
			"mountPath": "../../../PakExport/Plugins/"
		},
		"materialPak":
		{
			"pakFilePath": "",
			"name": "PakE",
			"mountPath": "../../../PakExport/Plugins/"
		},
		"type": "PRODUCT",
		"unrealVersion": "V_5"
	},
	"command": "selectProduct",
	"name": "BP_LC5550"
}